
-- This file contains the necessary SQL commands to set up the database schema for the Shikkha Angan application.
-- Run these commands against your MySQL database to create the required tables.

-- Table for managing navigation links
CREATE TABLE IF NOT EXISTS `nav_links` (
  `id` int NOT NULL AUTO_INCREMENT,
  `title` varchar(255) NOT NULL,
  `href` varchar(255) DEFAULT NULL,
  `parent_id` int DEFAULT NULL,
  `sort_order` int NOT NULL,
  `icon` varchar(255) DEFAULT NULL,
  PRIMARY KEY (`id`),
  KEY `parent_id` (`parent_id`),
  CONSTRAINT `nav_links_ibfk_1` FOREIGN KEY (`parent_id`) REFERENCES `nav_links` (`id`) ON DELETE CASCADE
) ENGINE=InnoDB AUTO_INCREMENT=11 DEFAULT CHARSET=utf8mb4 COLLATE=utf8mb4_0900_ai_ci;

INSERT INTO `nav_links` (`id`, `title`, `href`, `parent_id`, `sort_order`, `icon`) VALUES
(1, 'হোম', '/', NULL, 1, 'Home'),
(2, 'স্কুল সম্পর্কিত', '/school-details', NULL, 2, NULL),
(3, 'কমিটি', '/committee', NULL, 3, NULL),
(4, 'ভর্তি নির্দেশিকা', '/admission-guidelines', NULL, 4, NULL),
(5, 'ফলাফল', '/results', NULL, 5, NULL),
(6, 'সকল ফরমস', '/forms', NULL, 6, NULL),
(7, 'যোগাযোগ ও ফিডব্যাক', '/contact', NULL, 7, NULL),
(8, 'গ্যালারি', NULL, NULL, 8, NULL),
(9, 'ছবি গ্যালারি', '/gallery', 8, 1, NULL),
(10, 'ভিডিও গ্যালারি', '/#video-gallery', 8, 2, NULL);

-- Table for managing school features on the about page
CREATE TABLE IF NOT EXISTS `school_features` (
  `id` int NOT NULL AUTO_INCREMENT,
  `icon` varchar(255) NOT NULL,
  `title` varchar(255) NOT NULL,
  `description` text NOT NULL,
  PRIMARY KEY (`id`)
) ENGINE=InnoDB AUTO_INCREMENT=7 DEFAULT CHARSET=utf8mb4 COLLATE=utf8mb4_0900_ai_ci;

INSERT INTO `school_features` (`id`, `icon`, `title`, `description`) VALUES
(1, 'History', 'আমাদের ইতিহাস', 'মুরাদদর্প নারায়নপুর নিম্ন মাধ্যমিক বিদ্যালয় প্রতিষ্ঠিত হয়েছিল ১৯৯০ সালে। প্রতিষ্ঠার পর থেকে আমরা জ্ঞানের আলো ছড়িয়ে যাচ্ছি এবং হাজারো শিক্ষার্থীর भविष्य গড়ে তুলেছি। আমাদের রয়েছে দীর্ঘদিনের গৌরবময় ইতিহাস।'),
(2, 'Target', 'আমাদের লক্ষ্য ও উদ্দেশ্য', 'আমাদের মূল লক্ষ্য হলো প্রতিটি শিক্ষার্থীকে নৈতিক ও মানবিক মূল্যবোধে উদ্বুদ্ধ করে একজন আদর্শ নাগরিক হিসেবে গড়ে তোলা। আমরা সৃজনশীলতা ও মননশীলতার বিকাশে বিশ্বাসী।'),
(3, 'BookOpen', 'একাডেমিক কার্যক্রম', 'আমরা জাতীয় শিক্ষাক্রম অনুসরণ করে থাকি। প্রাথমিক থেকে উচ্চ মাধ্যমিক পর্যন্ত আমাদের শিক্ষা কার্যক্রম পরিচালিত হয়। সহশিক্ষা কার্যক্রমের অংশ হিসেবে রয়েছে বিতর্ক, খেলাধুলা, এবং সাংস্কৃতিক চর্চা।'),
(4, 'Users', 'অভিজ্ঞ শিক্ষক মণ্ডলী', 'আমাদের প্রতিষ্ঠানে রয়েছেন একদল অভিজ্ঞ, প্রশিক্ষণপ্রাপ্ত এবং নিবেদিতপ্রাণ শিক্ষক। তারা শিক্ষার্থীদের সঠিক পথপ্রদর্শক হিসেবে কাজ করেন।'),
(5, 'Building', 'অবকাঠামো', 'আমাদের রয়েছে একটি সুবিশাল ক্যাম্পাস, আধুনিক শ্রেণীকক্ষ, সমৃদ্ধ লাইব্রেরি, বিজ্ঞানাগার এবং খেলার মাঠ। শিক্ষার্থীদের জন্য সকল সুযোগ-সুবিধা নিশ্চিত করা হয়েছে।'),
(6, 'Award', 'অর্জনসমূহ', 'বিগত বছরগুলোতে আমাদের শিক্ষার্থীরা বিভিন্ন জাতীয় ও আন্তর্জাতিক প্রতিযোগিতায় অংশগ্রহণ করে অসংখ্য পুরস্কার অর্জন করেছে, যা আমাদের জন্য অত্যন্ত গৌরবের।');

-- Table for managing the "About School" section content
CREATE TABLE IF NOT EXISTS `about_school` (
  `id` int NOT NULL AUTO_INCREMENT,
  `title` varchar(255) NOT NULL,
  `description` text NOT NULL,
  `image_url` varchar(255) NOT NULL,
  PRIMARY KEY (`id`)
) ENGINE=InnoDB AUTO_INCREMENT=2 DEFAULT CHARSET=utf8mb4 COLLATE=utf8mb4_0900_ai_ci;

INSERT INTO `about_school` (`id`, `title`, `description`, `image_url`) VALUES
(1, 'আমাদের সম্পর্কে', 'মুরাদদর্প নারায়নপুর নিম্ন মাধ্যমিক বিদ্যালয় একটি ঐতিহ্যবাহী এবং স্বনামধন্য শিক্ষা প্রতিষ্ঠান। আমরা শিক্ষার্থীদের মধ্যে জ্ঞান, সৃজনশীলতা এবং নৈতিক মূল্যবোধের বিকাশ ঘটাতে প্রতিশ্রুতিবদ্ধ। আমাদের লক্ষ্য হলো প্রতিটি শিক্ষার্থীকে একজন দায়িত্বশীল নাগরিক হিসেবে গড়ে তোলা। একটি অভিজ্ঞ শিক্ষক মণ্ডলী, আধুনিক শ্রেণীকক্ষ এবং সমৃদ্ধ লাইব্রেরি নিয়ে আমাদের পথচলা। আমরা বিশ্বাস করি, সঠিক পরিচর্যা এবং অনুকূল পরিবেশ পেলে প্রতিটি শিক্ষার্থীই তার সুপ্ত প্রতিভা বিকশিত করতে পারে।\r\n\r\n', 'https://dinajpureducationboard.gov.bd/sites/default/files/files/dinajpureducationboard.portal.gov.bd/officer_list/f9cf0e70_e4af_4764_8abe_83a9633483c9/Professor%20Md.%20Towhidul%20Islam.jpeg');


-- Table for managing committee members
CREATE TABLE IF NOT EXISTS `committee_members` (
  `id` int NOT NULL AUTO_INCREMENT,
  `name` varchar(255) NOT NULL,
  `role` varchar(255) NOT NULL,
  `image` varchar(255) NOT NULL,
  `dataAiHint` varchar(255) DEFAULT NULL,
  `sort_order` int DEFAULT '0',
  PRIMARY KEY (`id`)
) ENGINE=InnoDB AUTO_INCREMENT=9 DEFAULT CHARSET=utf8mb4 COLLATE=utf8mb4_0900_ai_ci;

INSERT INTO `committee_members` (`id`, `name`, `role`, `image`, `dataAiHint`, `sort_order`) VALUES
(1, 'প্রফেসর ড. মোঃ আখতারুজ্জামান', 'সভাপতি', 'https://placehold.co/300x400.png', 'male portrait', 1),
(2, 'অধ্যক্ষ মোসাঃ হাসিনা পারভীন', 'সদস্য সচিব', 'https://placehold.co/300x400.png', 'female portrait', 2),
(3, 'জনাব মোঃ আব্দুল্লাহ', 'অভিভাবক সদস্য', 'https://placehold.co/300x400.png', 'male portrait', 3),
(4, 'মিসেস ফরিদা ইয়াসমিন', 'অভিভাবক সদস্য', 'https://placehold.co/300x400.png', 'female portrait', 4),
(5, 'জনাব মোঃ কামরুল হাসান', 'শিক্ষক প্রতিনিধি', 'https://placehold.co/300x400.png', 'male teacher portrait', 5),
(6, 'মিসেস সালমা চৌধুরী', 'শিক্ষক প্রতিনিধি', 'https://placehold.co/300x400.png', 'female teacher portrait', 6),
(7, 'জেলা প্রশাসক, ঢাকা', 'সদস্য', 'https://placehold.co/300x400.png', 'official portrait', 7),
(8, 'প্রধান শিক্ষক', 'সদস্য', 'https://placehold.co/300x400.png', 'male teacher portrait', 8);


-- Table for managing homepage carousel items
CREATE TABLE IF NOT EXISTS `carousel_items` (
  `id` int NOT NULL AUTO_INCREMENT,
  `src` varchar(255) NOT NULL,
  `alt` varchar(255) NOT NULL,
  `title` varchar(255) NOT NULL,
  `description` text,
  `dataAiHint` varchar(255) DEFAULT NULL,
  `sort_order` int DEFAULT '0',
  PRIMARY KEY (`id`)
) ENGINE=InnoDB AUTO_INCREMENT=4 DEFAULT CHARSET=utf8mb4 COLLATE=utf8mb4_0900_ai_ci;

INSERT INTO `carousel_items` (`id`, `src`, `alt`, `title`, `description`, `dataAiHint`, `sort_order`) VALUES
(1, 'https://jrgbp.edu.bd/wp-content/uploads/2023/09/2022-12-09.jpg', 'School campus', 'স্বাগতম মুরাদদর্প নারায়নপুর নিম্ন মাধ্যমিক বিদ্যালয়ে', 'একটি আদর্শ ও আধুনিক শিক্ষা প্রতিষ্ঠান', 'school campus', 1),
(2, 'https://narayanganjpreparatoryschool.edu.bd/wp-content/uploads/2024/01/IMG-20230714-WA0003.jpg', 'Annual sports day', 'বার্ষিক ক্রীড়া প্রতিযোগিতা', 'শিক্ষার্থীদের শারীরিক ও মানসিক বিকাশে খেলাধুলার গুরুত্ব', 'sports day', 2),
(3, 'https://lh3.googleusercontent.com/gps-cs-s/AC9h4npEppKeyl0u8huo4z74e9lsi3VkjV1r6IvhRzM80FtS3C4i0O8EleFmwOKE3qt3e-el8V7cO9mG5j4OKEZIm9OPc_lwM-m9wLWl6aliRYfFE8alPOzE5JIliGedNvM6cSKzTS9Brw=s680-w680-h510-rw', 'Science fair', 'বিজ্ঞান মেলা', 'নতুন প্রজন্মের উদ্ভাবনী শক্তির প্রকাশ', 'science fair', 3);


-- Table for managing video gallery items
CREATE TABLE IF NOT EXISTS `videos` (
  `id` int NOT NULL AUTO_INCREMENT,
  `title` varchar(255) NOT NULL,
  `thumbnail` varchar(255) NOT NULL,
  `videoUrl` varchar(255) NOT NULL,
  `description` text,
  `dataAiHint` varchar(255) DEFAULT NULL,
  PRIMARY KEY (`id`)
) ENGINE=InnoDB AUTO_INCREMENT=7 DEFAULT CHARSET=utf8mb4 COLLATE=utf8mb4_0900_ai_ci;

INSERT INTO `videos` (`id`, `title`, `thumbnail`, `videoUrl`, `description`, `dataAiHint`) VALUES
(1, 'বার্ষিক সাংস্কৃতিক অনুষ্ঠান', 'https://placehold.co/600x400.png', 'https://www.youtube.com/embed/dQw4w9WgXcQ', 'আমাদের প্রতিষ্ঠানের বার্ষিক সাংস্কৃতিক অনুষ্ঠানের মনোমুগ্ধকর কিছু মুহূর্ত।', 'school event'),
(2, 'স্বাধীনতা দিবস উদযাপন', 'https://placehold.co/600x400.png', 'https://www.youtube.com/embed/dQw4w9WgXcQ', 'মহান স্বাধীনতা দিবস উপলক্ষে আয়োজিত বিশেষ অনুষ্ঠানের কিছু অংশ।', 'independence day'),
(3, 'বৃক্ষরোপণ কর্মসূচি', 'https://placehold.co/600x400.png', 'https://www.youtube.com/embed/dQw4w9WgXcQ', 'পরিবেশ রক্ষায় আমাদের শিক্ষার্থীদের স্বতঃস্ফূর্ত অংশগ্রহণ।', 'tree plantation'),
(4, 'বিজ্ঞান মেলা', 'https://placehold.co/600x400.png', 'https://www.youtube.com/embed/dQw4w9WgXcQ', 'শিক্ষার্থীদের উদ্ভাবনী প্রকল্পের প্রদর্শনী।', 'science fair'),
(5, 'ক্রীড়া প্রতিযোগিতা', 'https://placehold.co/600x400.png', 'https://www.youtube.com/embed/dQw4w9WgXcQ', 'বার্ষিক ক্রীড়া প্রতিযোগিতার উত্তেজনাপূর্ণ মুহূর্ত।', 'sports day'),
(6, 'নবীন বরণ', 'https://placehold.co/600x400.png', 'https://www.youtube.com/embed/dQw4w9WgXcQ', 'নতুন শিক্ষার্থীদের বরণ করে নেওয়ার আনন্দঘন মুহূর্ত।', 'student reception');

-- Table for managing general school information (name, address, logo)
CREATE TABLE IF NOT EXISTS `school_info` (
  `id` int NOT NULL AUTO_INCREMENT,
  `name` varchar(255) NOT NULL,
  `address` varchar(255) NOT NULL,
  `logo_url` varchar(255) NOT NULL,
  PRIMARY KEY (`id`)
) ENGINE=InnoDB AUTO_INCREMENT=2 DEFAULT CHARSET=utf8mb4 COLLATE=utf8mb4_0900_ai_ci;

INSERT INTO `school_info` (`id`, `name`, `address`, `logo_url`) VALUES
(1, 'মুরাদদর্প নারায়নপুর নিম্ন মাধ্যমিক বিদ্যালয়', 'কাফ্রিখাল, মিঠাপুকুর, রংপুর।', 'https://placehold.co/80x80.png');


CREATE TABLE IF NOT EXISTS `important_link_groups` (
  `id` int NOT NULL AUTO_INCREMENT,
  `title` varchar(255) NOT NULL,
  `image` varchar(255) NOT NULL,
  `data_ai_hint` varchar(255) DEFAULT NULL,
  `sort_order` int DEFAULT '0',
  PRIMARY KEY (`id`)
) ENGINE=InnoDB DEFAULT CHARSET=utf8mb4 COLLATE=utf8mb4_0900_ai_ci;


INSERT INTO `important_link_groups` (`id`, `title`, `image`, `data_ai_hint`, `sort_order`) VALUES
(1, 'বিদ্যালয় সংক্রান্ত আদেশ', 'https://dinajpureducationboard.gov.bd/sites/default/files/files/dinajpureducationboard.portal.gov.bd/front_service_box/02688086_81fb_4a79_90ad_f435538f8d6d/scholarship.png', 'school orders', 1),
(2, 'নাম ও বয়স সংশোধন সংক্রান্ত', 'https://dinajpureducationboard.gov.bd/sites/default/files/files/dinajpureducationboard.portal.gov.bd/front_service_box/7c4909e0_609f_472a_b56c_c686e54532d7/images%20(1).png', 'name and age management', 2),
(3, 'পরীক্ষা সংক্রান্ত\r\n', 'https://dinajpureducationboard.gov.bd/sites/default/files/files/dinajpureducationboard.portal.gov.bd/front_service_box/d0310f06_67e3_4d24_9027_736d8a2a1ce9/Examination_ex.png', 'exam essentials ', 3);

CREATE TABLE IF NOT EXISTS `important_links` (
  `id` int NOT NULL AUTO_INCREMENT,
  `group_id` int NOT NULL,
  `text` varchar(255) NOT NULL,
  `href` varchar(255) NOT NULL,
  `sort_order` int DEFAULT '0',
  PRIMARY KEY (`id`),
  KEY `group_id` (`group_id`),
  CONSTRAINT `important_links_ibfk_1` FOREIGN KEY (`group_id`) REFERENCES `important_link_groups` (`id`) ON DELETE CASCADE
) ENGINE=InnoDB DEFAULT CHARSET=utf8mb4 COLLATE=utf8mb4_0900_ai_ci;

INSERT INTO `important_links` (`group_id`, `text`, `href`, `sort_order`) VALUES
(1, 'ঢাকা শিক্ষা বোর্ড', '#', 1),
(1, 'মাধ্যমিক ও উচ্চশিক্ষা অধিদপ্তর', '#', 2),
(1, 'বাংলাদেশ শিক্ষাতথ্য ও পরিসংখ্যান ব্যুরো', '#', 3),
(1, 'পাঠদান ও স্বীকৃতি', '/recognition', 4),
(2, 'জাতীয় শিক্ষাক্রম ও পাঠ্যপুস্তক বোর্ড', '#', 1),
(2, 'শিক্ষক বাতায়ন', '#', 2),
(2, 'মুক্তপাঠ', '#', 3),
(3, 'জেএসসি পরীক্ষা', 'https://dinajpureducationboard.gov.bd/', 1),
(3, 'এসএসসি পরীক্ষা', 'https://dinajpureducationboard.gov.bd/', 2),
(3, 'এইচএসসি পরীক্ষা', 'https://dinajpureducationboard.gov.bd/', 3);

